question;id;element_id;answer_start;answer
In welchem Ort ist der Job Koordinator*in / Sachbearbeiter*in zur Erstellung der Budgetergebnisse?;jo100000100000;8;0;Hamburg
Wo ist der Job Koordinator*in / Sachbearbeiter*in zur Erstellung der Budgetergebnisse?;jo100000100001;8;0;Hamburg
Wo kann man  Koordinator*in / Sachbearbeiter*in zur Erstellung der Budgetergebnisse arbeiten?;jo100000100002;8;0;Hamburg
Wo gibt es Arbeit als Koordinator*in / Sachbearbeiter*in zur Erstellung der Budgetergebnisse?;jo100000100003;8;0;Hamburg
Wer sucht nach einer Koordinator*in / Sachbearbeiter*in zur Erstellung der Budgetergebnisse?;jo100000100004;7;0;Unlimited Jobs GmbH
Welche Firma stellt Koordinator*in / Sachbearbeiter*in zur Erstellung der Budgetergebnisse an?;jo100000100005;7;0;Unlimited Jobs GmbH
Wie heisst die Firma die einen Job als Koordinator*in / Sachbearbeiter*in zur Erstellung der Budgetergebnisse anbietet?;jo100000100006;7;0;Unlimited Jobs GmbH
Nenne die Firma, die eine Stelle als Koordinator*in / Sachbearbeiter*in zur Erstellung der Budgetergebnisse bewirbt.;jo100000100007;7;0;Unlimited Jobs GmbH
Was für einen Job bietet die Firma Unlimited Jobs GmbH an?;jo100000100008;6;0;Koordinator*in / Sachbearbeiter*in zur Erstellung der Budgetergebnisse
Als was kann ich bei Unlimited Jobs GmbH arbeiten?;jo100000100009;6;0;Koordinator*in / Sachbearbeiter*in zur Erstellung der Budgetergebnisse
Wonach sucht Unlimited Jobs GmbH?;jo100000100010;6;0;Koordinator*in / Sachbearbeiter*in zur Erstellung der Budgetergebnisse
Wen stellt Unlimited Jobs GmbH ein?;jo100000100011;6;0;Koordinator*in / Sachbearbeiter*in zur Erstellung der Budgetergebnisse
In welchem Ort ist der Job Mitarbeiter (gn) Reisebüro?;jo100000100012;23;0;Marsberg, Sauerland
Wo ist der Job Mitarbeiter (gn) Reisebüro?;jo100000100013;23;0;Marsberg, Sauerland
Wo kann man  als Mitarbeiter (gn) Reisebüro arbeiten?;jo100000100014;23;0;Marsberg, Sauerland
Wo gibt es Arbeit als Mitarbeiter (gn) Reisebüro?;jo100000100015;23;0;Marsberg, Sauerland
Wer sucht nach einem Mitarbeiter (gn) Reisebüro?;jo100000100016;22;0;Bankpower GmbH
Welche Firma stellt Mitarbeiter (gn) Reisebüro an?;jo100000100017;22;0;Bankpower GmbH
Wie heisst die Firma die einen Job als Mitarbeiter (gn) Reisebüro anbietet?;jo100000100018;22;0;Bankpower GmbH
Nenne die Firma, die eine Stelle als Mitarbeiter (gn) Reisebüro bewirbt.;jo100000100019;22;0;Bankpower GmbH
Was für einen Job bietet die Bankpower GmbH an?;jo100000100020;21;0;Mitarbeiter (gn) Reisebüro
Als was kann ich bei Bankpower GmbH arbeiten?;jo100000100021;21;0;Mitarbeiter (gn) Reisebüro
Wonach sucht Bankpower GmbH?;jo100000100022;21;0;Mitarbeiter (gn) Reisebüro
Wen stellt Bankpower GmbH ein?;jo100000100023;21;0;Mitarbeiter (gn) Reisebüro
In welchem Ort ist der Job Produktionsmitarbeiter (m/w/d) in der Lebensmittelindustrie?;jo100000100024;38;0;Rehna
Wo ist der Job Produktionsmitarbeiter (m/w/d) in der Lebensmittelindustrie?;jo100000100025;38;0;Rehna
Wo kann man als Produktionsmitarbeiter (m/w/d) in der Lebensmittelindustrie arbeiten?;jo100000100026;38;0;Rehna
Wo gibt es Arbeit als Produktionsmitarbeiter (m/w/d) in der Lebensmittelindustrie?;jo100000100027;38;0;Rehna
Wer sucht nach einem Produktionsmitarbeiter (m/w/d) in der Lebensmittelindustrie?;jo100000100028;37;0;FEMEG Produktions- und Vertriebs GmbH
Welche Firma stellt Produktionsmitarbeiter (m/w/d) in der Lebensmittelindustrie an?;jo100000100029;37;0;FEMEG Produktions- und Vertriebs GmbH
Wie heisst die Firma die einen Job als Produktionsmitarbeiter (m/w/d) in der Lebensmittelindustrie anbietet?;jo100000100030;37;0;FEMEG Produktions- und Vertriebs GmbH
Nenne die Firma, die eine Stelle als Produktionsmitarbeiter (m/w/d) in der Lebensmittelindustrie bewirbt.;jo100000100031;37;0;FEMEG Produktions- und Vertriebs GmbH
Was für einen Job bietet die FEMEG Produktions- und Vertriebs GmbHan?;jo100000100032;36;0;Produktionsmitarbeiter (m/w/d) in der Lebensmittelindustrie
Als was kann ich bei FEMEG Produktions- und Vertriebs GmbH arbeiten?;jo100000100033;36;0;Produktionsmitarbeiter (m/w/d) in der Lebensmittelindustrie
Wonach sucht FEMEG Produktions- und Vertriebs GmbH?;jo100000100034;36;0;Produktionsmitarbeiter (m/w/d) in der Lebensmittelindustrie
Wen stellt FEMEG Produktions- und Vertriebs GmbH ein?;jo100000100035;36;0;Produktionsmitarbeiter (m/w/d) in der Lebensmittelindustrie
In welchem Ort ist der Job Fahrer/in (m/w/d) für 16-, oder 19-sitzer Kleinbusse?;jo100000100036;53;0;Hagen, Westfalen - Hohenlimburg
Wo ist der Job Fahrer/in (m/w/d) für 16-, oder 19-sitzer Kleinbusse?;jo100000100037;53;0;Hagen, Westfalen - Hohenlimburg
Wo kann man  als Fahrer/in (m/w/d) für 16-, oder 19-sitzer Kleinbusse arbeiten?;jo100000100038;53;0;Hagen, Westfalen - Hohenlimburg
Wo gibt es Arbeit als Fahrer/in (m/w/d) für 16-, oder 19-sitzer Kleinbusse?;jo100000100039;53;0;Hagen, Westfalen - Hohenlimburg
Wer sucht nach einem Fahrer/in (m/w/d) für 16-, oder 19-sitzer Kleinbusse?;jo100000100040;52;0;Jörg Reimann Reimann Reisen
Welche Firma stellt Fahrer/in (m/w/d) für 16-, oder 19-sitzer Kleinbusse an?;jo100000100041;52;0;Jörg Reimann Reimann Reisen
Wie heisst die Firma die einen Job als Fahrer/in (m/w/d) für 16-, oder 19-sitzer Kleinbusse anbietet?;jo100000100042;52;0;Jörg Reimann Reimann Reisen
Nenne die Firma, die eine Stelle als Fahrer/in (m/w/d) für 16-, oder 19-sitzer Kleinbusse bewirbt.;jo100000100043;52;0;Jörg Reimann Reimann Reisen
Was für einen Job bietet Jörg Reimann Reimann Reisen an?;jo100000100044;51;0;Fahrer/in (m/w/d) für 16-, oder 19-sitzer Kleinbusse
Als was kann ich bei Jörg Reimann Reimann Reisen arbeiten?;jo100000100045;51;0;Fahrer/in (m/w/d) für 16-, oder 19-sitzer Kleinbusse
Wonach sucht Jörg Reimann Reimann Reisen?;jo100000100046;51;0;Fahrer/in (m/w/d) für 16-, oder 19-sitzer Kleinbusse
Wen stellt Jörg Reimann Reimann Reisen ein?;jo100000100047;51;0;Fahrer/in (m/w/d) für 16-, oder 19-sitzer Kleinbusse
In welchem Ort ist der Job Produktionsleiter (m/w/d)?;jo100000200048;8;0;Rosenfeld, Württemberg
Wo ist der Job Produktionsleiter (m/w/d)?;jo100000200049;8;0;Rosenfeld, Württemberg
Wo kann man  als Produktionsleiter (m/w/d) arbeiten?;jo100000200050;8;0;Rosenfeld, Württemberg
Wo gibt es Arbeit als Produktionsleiter (m/w/d)?;jo100000200051;8;0;Rosenfeld, Württemberg
Wer sucht nach einem Produktionsleiter (m/w/d)?;jo100000200052;7;0;Höhn GmbH Präzisionsteile
Welche Firma stellt Produktionsleiter (m/w/d) an?;jo100000200053;7;0;Höhn GmbH Präzisionsteile
Wie heisst die Firma die einen Job als Produktionsleiter (m/w/d) anbietet?;jo100000200054;7;0;Höhn GmbH Präzisionsteile
Nenne die Firma, die eine Stelle als Produktionsleiter (m/w/d) bewirbt.;jo100000200055;7;0;Höhn GmbH Präzisionsteile
Was für einen Job bietet Höhn GmbH Präzisionsteile an?;jo100000200056;6;0;Produktionsleiter (m/w/d)
Als was kann ich bei Höhn GmbH Präzisionsteile arbeiten?;jo100000200057;6;0;Produktionsleiter (m/w/d)
Wonach sucht Höhn GmbH Präzisionsteile?;jo100000200058;6;0;Produktionsleiter (m/w/d)
Wen stellt Jörg Höhn GmbH Präzisionsteile ein?;jo100000200059;6;0;Produktionsleiter (m/w/d)
In welchem Ort ist der Job Servicemitarbeiter (m/w/d) – Vollzeit ?;jo100000200060;23;0;Radebeul
Wo ist der Job Servicemitarbeiter (m/w/d) – Vollzeit ?;jo100000200061;23;0;Radebeul
Wo kann man  als Servicemitarbeiter (m/w/d) – Vollzeit arbeiten?;jo100000200062;23;0;Radebeul
Wo gibt es Arbeit als Servicemitarbeiter (m/w/d) – Vollzeit ?;jo100000200063;23;0;Radebeul
Wer sucht nach einem Servicemitarbeiter (m/w/d) – Vollzeit ?;jo100000200064;22;0;"Karl Friedrich Aust ""Weinhaus Aust"""
Welche Firma stellt Servicemitarbeiter (m/w/d) – Vollzeit)  an?;jo100000200065;22;0;"Karl Friedrich Aust ""Weinhaus Aust"""
Wie heisst die Firma die einen Job als Servicemitarbeiter (m/w/d) – Vollzeit  anbietet?;jo100000200066;22;0;"Karl Friedrich Aust ""Weinhaus Aust"""
Nenne die Firma, die eine Stelle als Servicemitarbeiter (m/w/d) – Vollzeit  bewirbt.;jo100000200067;22;0;"Karl Friedrich Aust ""Weinhaus Aust"""
"Was für einen Job bietet Karl Friedrich Aust ""Weinhaus Aust"" an?";jo100000200068;21;0;Servicemitarbeiter (m/w/d) – Vollzeit
"Als was kann ich bei Karl Friedrich Aust ""Weinhaus Aust"" arbeiten?";jo100000200069;21;0;Servicemitarbeiter (m/w/d) – Vollzeit
"Wonach sucht Karl Friedrich Aust ""Weinhaus Aust""?";jo100000200070;21;0;Servicemitarbeiter (m/w/d) – Vollzeit
"Wen stellt Jörg Karl Friedrich Aust ""Weinhaus Aust"" ein?";jo100000200071;21;0;Servicemitarbeiter (m/w/d) – Vollzeit
In welchem Ort ist der Job Tourismuskaufmann/frau (m/w/d) im Reisebüro und Außendienst ?;jo100000200072;38;0;Bergheim, Erft - Bergheim
Wo ist der Job Tourismuskaufmann/frau (m/w/d) im Reisebüro und Außendienst ?;jo100000200073;38;0;Bergheim, Erft - Bergheim
Wo kann man  als Tourismuskaufmann/frau (m/w/d) im Reisebüro und Außendienst  arbeiten?;jo100000200074;38;0;Bergheim, Erft - Bergheim
Wo gibt es Arbeit als Tourismuskaufmann/frau (m/w/d) im Reisebüro und Außendienst ?;jo100000200075;38;0;Bergheim, Erft - Bergheim
Wer sucht nach einem Tourismuskaufmann/frau (m/w/d) im Reisebüro und Außendienst ?;jo100000200076;37;0;DTS DUPPKE TOURISTIC SERVICES GMBH
Welche Firma stellt Tourismuskaufmann/frau (m/w/d) im Reisebüro und Außendienst  an?;jo100000200077;37;0;DTS DUPPKE TOURISTIC SERVICES GMBH
Wie heisst die Firma die einen Job als Tourismuskaufmann/frau (m/w/d) im Reisebüro und Außendienst  anbietet?;jo100000200078;37;0;DTS DUPPKE TOURISTIC SERVICES GMBH
Nenne die Firma, die eine Stelle als Tourismuskaufmann/frau (m/w/d) im Reisebüro und Außendienst  bewirbt.;jo100000200079;37;0;DTS DUPPKE TOURISTIC SERVICES GMBH
Was für einen Job bietet DTS DUPPKE TOURISTIC SERVICES GMBH an?;jo100000200080;36;0;Tourismuskaufmann/frau (m/w/d) im Reisebüro und Außendienst
Als was kann ich bei DTS DUPPKE TOURISTIC SERVICES GMBH arbeiten?;jo100000200081;36;0;Tourismuskaufmann/frau (m/w/d) im Reisebüro und Außendienst
Wonach sucht DTS DUPPKE TOURISTIC SERVICES GMBH?;jo100000200082;36;0;Tourismuskaufmann/frau (m/w/d) im Reisebüro und Außendienst
Wen stellt Jörg DTS DUPPKE TOURISTIC SERVICES GMBH ein?;jo100000200083;36;0;Tourismuskaufmann/frau (m/w/d) im Reisebüro und Außendienst
In welchem Ort ist der Job Helfer - Produktion (m/w/d) ?;jo100000200084;53;0;Löningen
Wo ist der Job Helfer - Produktion (m/w/d) ?;jo100000200085;53;0;Löningen
Wo kann man als Helfer - Produktion (m/w/d)  arbeiten?;jo100000200086;53;0;Löningen
Wo gibt es Arbeit als Helfer - Produktion (m/w/d) ?;jo100000200087;53;0;Löningen
Wer sucht nach einem Helfer - Produktion (m/w/d) ?;jo100000200088;52;0;H Ruwe GmbH Fleischverarbeitung
Welche Firma stellt Helfer - Produktion (m/w/d)  an?;jo100000200089;52;0;H Ruwe GmbH Fleischverarbeitung
Wie heisst die Firma die einen Job als Helfer - Produktion (m/w/d)  anbietet?;jo100000200090;52;0;H Ruwe GmbH Fleischverarbeitung
Nenne die Firma, die eine Stelle als Helfer - Produktion (m/w/d)  bewirbt.;jo100000200091;52;0;H Ruwe GmbH Fleischverarbeitung
Was für einen Job bietet H Ruwe GmbH Fleischverarbeitung an?;jo100000200092;51;0;Helfer - Produktion (m/w/d)
Als was kann ich bei H Ruwe GmbH Fleischverarbeitung arbeiten?;jo100000200093;51;0;Helfer - Produktion (m/w/d)
Wonach sucht H Ruwe GmbH Fleischverarbeitung?;jo100000200094;51;0;Helfer - Produktion (m/w/d)
Wen stellt H Ruwe GmbH Fleischverarbeitung ein?;jo100000200095;51;0;Helfer - Produktion (m/w/d)
In welchem Ort ist der Job Koch (m/w/d) in Vollzeit ?;jo100000300096;8;0;St. Martin, Pfalz
Wo ist der Job Koch (m/w/d) in Vollzeit ?;jo100000300097;8;0;St. Martin, Pfalz
Wo kann man als Koch (m/w/d) in Vollzeit arbeiten?;jo100000300098;8;0;St. Martin, Pfalz
Wo gibt es Arbeit als Koch (m/w/d) in Vollzeit ?;jo100000300099;8;0;St. Martin, Pfalz
Wer sucht nach einem Koch (m/w/d) in Vollzeit ?;jo100000300100;7;0;Arens Hotelbetriebs GmbH
Welche Firma stellt Koch (m/w/d) in Vollzeit  an?;jo100000300101;7;0;Arens Hotelbetriebs GmbH
Wie heisst die Firma die einen Job als Koch (m/w/d) in Vollzeit  anbietet?;jo100000300102;7;0;Arens Hotelbetriebs GmbH
Nenne die Firma, die eine Stelle als Koch (m/w/d) in Vollzeit  bewirbt.;jo100000300103;7;0;Arens Hotelbetriebs GmbH
Was für einen Job bietet Arens Hotelbetriebs GmbH an?;jo100000300104;6;0;Koch (m/w/d) in Vollzeit
Als was kann ich bei Arens Hotelbetriebs GmbH arbeiten?;jo100000300105;6;0;Koch (m/w/d) in Vollzeit
Wonach sucht Arens Hotelbetriebs GmbH?;jo100000300106;6;0;Koch (m/w/d) in Vollzeit
Wen stellt Arens Hotelbetriebs GmbH ein?;jo100000300107;6;0;Koch (m/w/d) in Vollzeit
In welchem Ort ist der Job Produktionshelfer (m/w/d) in Wallau?;jo100000300108;23;0;Hofheim am Taunus
Wo ist der Job Produktionshelfer (m/w/d) in Wallau ?;jo100000300109;23;0;Hofheim am Taunus
Wo kann man als Produktionshelfer (m/w/d) in Wallau arbeiten?;jo100000300110;23;0;Hofheim am Taunus
Wo gibt es Arbeit als Produktionshelfer (m/w/d) in Wallau?;jo100000300111;23;0;Hofheim am Taunus
Wer sucht nach einem Produktionshelfer (m/w/d) in Wallau?;jo100000300112;22;0;ibex personal
Welche Firma stellt Produktionshelfer (m/w/d) in Wallau  an?;jo100000300113;22;0;ibex personal
Wie heisst die Firma die einen Job als Produktionshelfer (m/w/d) in Wallau anbietet?;jo100000300114;22;0;ibex personal
Nenne die Firma, die eine Stelle als Produktionshelfer (m/w/d) in Wallau  bewirbt.;jo100000300115;22;0;ibex personal
Was für einen Job bietet ibex personal an?;jo100000300116;21;0;Produktionshelfer (m/w/d) in Wallau
Als was kann ich bei ibex personal arbeiten?;jo100000300117;21;0;Produktionshelfer (m/w/d) in Wallau
Wonach sucht ibex personal?;jo100000300118;21;0;Produktionshelfer (m/w/d) in Wallau
Wen stellt ibex personal ein?;jo100000300119;21;0;Produktionshelfer (m/w/d) in Wallau
In welchem Ort ist der Job Helfer Metallbearbeitung (m/w/d) ?;jo100000300120;38;0;Apen
Wo ist der Job Helfer Metallbearbeitung (m/w/d)?;jo100000300121;38;0;Apen
Wo kann man als Helfer Metallbearbeitung (m/w/d) arbeiten?;jo100000300122;38;0;Apen
Wo gibt es Arbeit als Helfer Metallbearbeitung (m/w/d)?;jo100000300123;38;0;Apen
Wer sucht nach einem Helfer Metallbearbeitung (m/w/d) ?;jo100000300124;37;0;persona service Emden AG & Co. KG
Welche Firma stellt Helfer Metallbearbeitung (m/w/d) an?;jo100000300125;37;0;persona service Emden AG & Co. KG
Wie heisst die Firma die einen Job als Helfer Metallbearbeitung (m/w/d) anbietet?;jo100000300126;37;0;persona service Emden AG & Co. KG
Nenne die Firma, die eine Stelle als Helfer Metallbearbeitung (m/w/d) bewirbt.;jo100000300127;37;0;persona service Emden AG & Co. KG
Was für einen Job bietet persona service Emden AG & Co. KG an?;jo100000300128;36;0;Helfer Metallbearbeitung (m/w/d)
Als was kann ich bei persona service Emden AG & Co. KG arbeiten?;jo100000300129;36;0;Helfer Metallbearbeitung (m/w/d)
Wonach sucht persona service Emden AG & Co. KG?;jo100000300130;36;0;Helfer Metallbearbeitung (m/w/d)
Wen stellt persona service Emden AG & Co. KG ein?;jo100000300131;36;0;Helfer Metallbearbeitung (m/w/d)
In welchem Ort ist der Fahrer/in für Personenbeförderung (m/w/d) ?;jo100000300132;53;0;Gießen, Lahn
Wo ist der Job Fahrer/in für Personenbeförderung (m/w/d) ?;jo100000300133;53;0;Gießen, Lahn
Wo kann man als Fahrer/in für Personenbeförderung (m/w/d) arbeiten?;jo100000300134;53;0;Gießen, Lahn
Wo gibt es Arbeit als Fahrer/in für Personenbeförderung (m/w/d) ?;jo100000300135;53;0;Gießen, Lahn
Wer sucht nach einem Fahrer/in für Personenbeförderung (m/w/d) ?;jo100000300136;52;0;ATB Aktive Tagesbetreuung GmbH
Welche Firma stellt Fahrer/in für Personenbeförderung (m/w/d) an?;jo100000300137;52;0;ATB Aktive Tagesbetreuung GmbH
Wie heisst die Firma die einen Job als Fahrer/in für Personenbeförderung (m/w/d) anbietet?;jo100000300138;52;0;ATB Aktive Tagesbetreuung GmbH
Nenne die Firma, die eine Stelle als Fahrer/in für Personenbeförderung (m/w/d) bewirbt.;jo100000300139;52;0;ATB Aktive Tagesbetreuung GmbH
Was für einen Job bietet ATB Aktive Tagesbetreuung GmbH an?;jo100000300140;51;0;Fahrer/in für Personenbeförderung (m/w/d)
Als was kann ich bei ATB Aktive Tagesbetreuung GmbH arbeiten?;jo100000300141;51;0;Fahrer/in für Personenbeförderung (m/w/d)
Wonach sucht ATB Aktive Tagesbetreuung GmbH?;jo100000300142;51;0;Fahrer/in für Personenbeförderung (m/w/d)
Wen stellt ATB Aktive Tagesbetreuung GmbH ein?;jo100000300143;51;0;Fahrer/in für Personenbeförderung (m/w/d)
In welchem Ort ist der Job Verkäuferin / Verkäufer (m/w/d) in Teilzeit 15 Std./Woche?;jo100000400144;8;0;Schleusingen
Wo ist der Job Verkäuferin / Verkäufer (m/w/d) in Teilzeit 15 Std./Woche?;jo100000400145;8;0;Schleusingen
Wo kann man als Verkäuferin / Verkäufer (m/w/d) in Teilzeit 15 Std./Woche arbeiten?;jo100000400146;8;0;Schleusingen
Wo gibt es Arbeit als Verkäuferin / Verkäufer (m/w/d) in Teilzeit 15 Std./Woche?;jo100000400147;8;0;Schleusingen
Wer sucht nach einem Verkäuferin / Verkäufer (m/w/d) in Teilzeit 15 Std./Woche?;jo100000400148;7;0;NKD Deutschland GmbH
Welche Firma stellt Verkäuferin / Verkäufer (m/w/d) in Teilzeit 15 Std./Woche  an?;jo100000400149;7;0;NKD Deutschland GmbH
Wie heisst die Firma die einen Job als Verkäuferin / Verkäufer (m/w/d) in Teilzeit 15 Std./Woche anbietet?;jo100000400150;7;0;NKD Deutschland GmbH
Nenne die Firma, die eine Stelle als Verkäuferin / Verkäufer (m/w/d) in Teilzeit 15 Std./Woche bewirbt.;jo100000400151;7;0;NKD Deutschland GmbH
Was für einen Job bietet NKD Deutschland GmbH an?;jo100000400152;6;0;Verkäuferin / Verkäufer (m/w/d) in Teilzeit 15 Std./Woche
Als was kann ich bei NKD Deutschland GmbH arbeiten?;jo100000400153;6;0;Verkäuferin / Verkäufer (m/w/d) in Teilzeit 15 Std./Woche
Wonach sucht NKD Deutschland GmbH?;jo100000400154;6;0;Verkäuferin / Verkäufer (m/w/d) in Teilzeit 15 Std./Woche
Wen stellt NKD Deutschland GmbH ein?;jo100000400155;6;0;Verkäuferin / Verkäufer (m/w/d) in Teilzeit 15 Std./Woche
In welchem Ort ist der Job Mitarbeiter für die Reinigung von Arztpraxen ?;jo100000400156;23;0;Berlin
Wo ist der Job Mitarbeiter für die Reinigung von Arztpraxen ?;jo100000400157;23;0;Berlin
Wo kann man als Mitarbeiter für die Reinigung von Arztpraxen arbeiten?;jo100000400158;23;0;Berlin
Wo gibt es Arbeit als Mitarbeiter für die Reinigung von Arztpraxen?;jo100000400159;23;0;Berlin
Wer sucht nach einem Mitarbeiter für die Reinigung von Arztpraxen?;jo100000400160;22;0;Barbara Senn Housekeeping
Welche Firma stellt Mitarbeiter für die Reinigung von Arztpraxen an?;jo100000400161;22;0;Barbara Senn Housekeeping
Wie heisst die Firma die einen Job als Mitarbeiter für die Reinigung von Arztpraxen anbietet?;jo100000400162;22;0;Barbara Senn Housekeeping
Nenne die Firma, die eine Stelle als Mitarbeiter für die Reinigung von Arztpraxen bewirbt.;jo100000400163;22;0;Barbara Senn Housekeeping
Was für einen Job bietet Barbara Senn Housekeeping an?;jo100000400164;21;0;Mitarbeiter für die Reinigung von Arztpraxen
Als was kann ich bei Barbara Senn Housekeeping arbeiten?;jo100000400165;21;0;Mitarbeiter für die Reinigung von Arztpraxen
Wonach sucht Barbara Senn Housekeeping?;jo100000400166;21;0;Mitarbeiter für die Reinigung von Arztpraxen
Wen stellt Barbara Senn Housekeeping ein?;jo100000400167;21;0;Mitarbeiter für die Reinigung von Arztpraxen
In welchem Ort ist der Job Kaufmännischer Sachbearbeiter (m/w/d)?;jo100000400168;38;0;Lübeck - Schlutup
Wo ist der Job Kaufmännischer Sachbearbeiter (m/w/d)?;jo100000400169;38;0;Lübeck - Schlutup
Wo kann man als Kaufmännischer Sachbearbeiter (m/w/d) arbeiten?;jo100000400170;38;0;Lübeck - Schlutup
Wo gibt es Arbeit als Kaufmännischer Sachbearbeiter (m/w/d)?;jo100000400171;38;0;Lübeck - Schlutup
Wer sucht nach einem Kaufmännischer Sachbearbeiter (m/w/d) ?;jo100000400172;37;0;Raumausstattung Karl Trage
Welche Firma stellt Kaufmännischer Sachbearbeiter (m/w/d)  an?;jo100000400173;37;0;Raumausstattung Karl Trage
Wie heisst die Firma die einen Job als Kaufmännischer Sachbearbeiter (m/w/d)  anbietet?;jo100000400174;37;0;Raumausstattung Karl Trage
Nenne die Firma, die eine Stelle als Kaufmännischer Sachbearbeiter (m/w/d)  bewirbt.;jo100000400175;37;0;Raumausstattung Karl Trage
Was für einen Job bietet Raumausstattung Karl Trage an?;jo100000400176;36;0;Kaufmännischer Sachbearbeiter (m/w/d)
Als was kann ich bei Raumausstattung Karl Trage arbeiten?;jo100000400177;36;0;Kaufmännischer Sachbearbeiter (m/w/d)
Wonach sucht Raumausstattung Karl Trage?;jo100000400178;36;0;Kaufmännischer Sachbearbeiter (m/w/d)
Wen stellt Raumausstattung Karl Trage ein?;jo100000400179;36;0;Kaufmännischer Sachbearbeiter (m/w/d)
"In welchem Ort ist der Job Leitung (m/w/d) Kulturbüro u. Kulturfestival ""Kunstflecken""?";jo100000400180;53;0;Neumünster, Holstein
"Wo ist der Job Leitung (m/w/d) Kulturbüro u. Kulturfestival ""Kunstflecken""?";jo100000400181;53;0;Neumünster, Holstein
"Wo kann man als Leitung (m/w/d) Kulturbüro u. Kulturfestival ""Kunstflecken"" arbeiten?";jo100000400182;53;0;Neumünster, Holstein
"Wo gibt es Arbeit als Leitung (m/w/d) Kulturbüro u. Kulturfestival ""Kunstflecken""?";jo100000400183;53;0;Neumünster, Holstein
"Wer sucht nach einem Leitung (m/w/d) Kulturbüro u. Kulturfestival ""Kunstflecken""?";jo100000400184;52;0;Stadt Neumünster Öffentliche Verwaltung
"Welche Firma stellt Leitung (m/w/d) Kulturbüro u. Kulturfestival ""Kunstflecken"" an?";jo100000400185;52;0;Stadt Neumünster Öffentliche Verwaltung
"Wie heisst die Firma die einen Job als Leitung (m/w/d) Kulturbüro u. Kulturfestival ""Kunstflecken"" anbietet?";jo100000400186;52;0;Stadt Neumünster Öffentliche Verwaltung
"Nenne die Firma, die eine Stelle als Leitung (m/w/d) Kulturbüro u. Kulturfestival ""Kunstflecken"" bewirbt.";jo100000400187;52;0;Stadt Neumünster Öffentliche Verwaltung
Was für einen Job bietet Stadt Neumünster Öffentliche Verwaltung an?;jo100000400188;51;0;"Leitung (m/w/d) Kulturbüro u. Kulturfestival ""Kunstflecken"""
Als was kann ich bei Stadt Neumünster Öffentliche Verwaltung arbeiten?;jo100000400189;51;0;"Leitung (m/w/d) Kulturbüro u. Kulturfestival ""Kunstflecken"""
Wonach sucht Stadt Neumünster Öffentliche Verwaltung?;jo100000400190;51;0;"Leitung (m/w/d) Kulturbüro u. Kulturfestival ""Kunstflecken"""
Wen stellt Stadt Neumünster Öffentliche Verwaltung ein?;jo100000400191;51;0;"Leitung (m/w/d) Kulturbüro u. Kulturfestival ""Kunstflecken"""
In welchem Ort ist der Schweißer/in (m/w/d) gesucht!?;jo100000500192;8;0;Cunewalde
Wo ist der Job Schweißer/in (m/w/d) gesucht!?;jo100000500193;8;0;Cunewalde
Wo kann man als Schweißer/in (m/w/d) gesucht!?;jo100000500194;8;0;Cunewalde
Wo gibt es Arbeit als Schweißer/in (m/w/d) gesucht!?;jo100000500195;8;0;Cunewalde
Wer sucht nach einem Schweißer/in (m/w/d) gesucht!?;jo100000500196;7;0;Härtwig Maschinenbau GmbH & Co. KG
Welche Firma stellt Schweißer/in (m/w/d) gesucht! an?;jo100000500197;7;0;Härtwig Maschinenbau GmbH & Co. KG
Wie heisst die Firma die einen Job als Schweißer/in (m/w/d) gesucht! anbietet?;jo100000500198;7;0;Härtwig Maschinenbau GmbH & Co. KG
Nenne die Firma, die eine Stelle als Schwei?er/in (m/w/d) gesucht! bewirbt.;jo100000500199;7;0;Härtwig Maschinenbau GmbH & Co. KG
Was für einen Job bietet Härtwig Maschinenbau GmbH & Co. KG an?;jo100000500200;6;0;Schweißer/in (m/w/d) gesucht!
Als was kann ich bei Härtwig Maschinenbau GmbH & Co. KG arbeiten?;jo100000500201;6;0;Schweißer/in (m/w/d) gesucht!
Wonach sucht Härtwig Maschinenbau GmbH & Co. KG?;jo100000500202;6;0;Schweißer/in (m/w/d) gesucht!
Wen stellt Härtwig Maschinenbau GmbH & Co. KG ein?;jo100000500203;6;0;Schweißer/in (m/w/d) gesucht!
In welchem Ort ist der Job Elektroniker Betriebstechnik /Automatisierungstechnik (m/w/d)?;jo100000500204;23;0;Göppingen - Voralb
Wo ist der Job Elektroniker Betriebstechnik /Automatisierungstechnik (m/w/d)?;jo100000500205;23;0;Göppingen - Voralb
Wo kann man als Elektroniker Betriebstechnik /Automatisierungstechnik (m/w/d) arbeiten?;jo100000500206;23;0;Göppingen - Voralb
Wo gibt es Arbeit als Elektroniker Betriebstechnik /Automatisierungstechnik (m/w/d)?;jo100000500207;23;0;Göppingen - Voralb
Wer sucht nach einem Elektroniker Betriebstechnik /Automatisierungstechnik (m/w/d)?;jo100000500208;22;0;Härterei Technotherm GmbH & Co. KG
Welche Firma stellt Elektroniker Betriebstechnik /Automatisierungstechnik (m/w/d) an?;jo100000500209;22;0;Härterei Technotherm GmbH & Co. KG
Wie heisst die Firma die einen Job als Elektroniker Betriebstechnik /Automatisierungstechnik (m/w/d) anbietet?;jo100000500210;22;0;Härterei Technotherm GmbH & Co. KG
Nenne die Firma, die eine Stelle als Elektroniker Betriebstechnik /Automatisierungstechnik (m/w/d) bewirbt.;jo100000500211;22;0;Härterei Technotherm GmbH & Co. KG
Was für einen Job bietet Härterei Technotherm GmbH & Co. KG an?;jo100000500212;21;0;Elektroniker Betriebstechnik /Automatisierungstechnik (m/w/d)
Als was kann ich bei Härterei Technotherm GmbH & Co. KG arbeiten?;jo100000500213;21;0;Elektroniker Betriebstechnik /Automatisierungstechnik (m/w/d)
Wonach sucht Härterei Technotherm GmbH & Co. KG?;jo100000500214;21;0;Elektroniker Betriebstechnik /Automatisierungstechnik (m/w/d)
Wen stellt Härterei Technotherm GmbH & Co. KG ein?;jo100000500215;21;0;Elektroniker Betriebstechnik /Automatisierungstechnik (m/w/d)
In welchem Ort ist der Job Erzieher (m/w/d) für unsere Ökumen.Kita Wehofen gesucht?;jo100000500216;38;0;Duisburg
Wo ist der Job Erzieher (m/w/d) für unsere Ökumen.Kita Wehofen gesucht?;jo100000500217;38;0;Duisburg
Wo kann man als Erzieher (m/w/d) für unsere Ökumen.Kita Wehofen gesucht arbeiten?;jo100000500218;38;0;Duisburg
Wo gibt es Arbeit als Erzieher (m/w/d) für unsere Ökumen.Kita Wehofen gesucht ?;jo100000500219;38;0;Duisburg
Wer sucht nach einem Erzieher (m/w/d) für unsere Ökumen.Kita Wehofen gesucht?;jo100000500220;37;0;Evangelischer Kirchenkreis Dinslaken
Welche Firma stellt Koch Erzieher (m/w/d) für unsere Ökumen.Kita Wehofen gesucht an?;jo100000500221;37;0;Evangelischer Kirchenkreis Dinslaken
Wie heisst die Firma die einen Job als Erzieher (m/w/d) für unsere Ökumen.Kita Wehofen gesucht anbietet?;jo100000500222;37;0;Evangelischer Kirchenkreis Dinslaken
Nenne die Firma, die eine Stelle als Erzieher (m/w/d) für unsere Ökumen.Kita Wehofen gesucht bewirbt.;jo100000500223;37;0;Evangelischer Kirchenkreis Dinslaken
Was für einen Job bietet Evangelischer Kirchenkreis Dinslaken an?;jo100000500224;36;0;Erzieher (m/w/d) für unsere Ökumen.Kita Wehofen gesucht
Als was kann ich bei Evangelischer Kirchenkreis Dinslaken arbeiten?;jo100000500225;36;0;Erzieher (m/w/d) für unsere Ökumen.Kita Wehofen gesucht
Wonach sucht Evangelischer Kirchenkreis Dinslaken?;jo100000500226;36;0;Erzieher (m/w/d) für unsere Ökumen.Kita Wehofen gesucht
Wen stellt Evangelischer Kirchenkreis Dinslaken ein?;jo100000500227;36;0;Erzieher (m/w/d) für unsere Ökumen.Kita Wehofen gesucht
In welchem Ort ist der Job Kaufmann/-frau im Automobilbereich (m/w/d) ?;jo100000500228;53;0;Kassel, Hessen
Wo ist der Job Kaufmann/-frau im Automobilbereich (m/w/d) ?;jo100000500229;53;0;Kassel, Hessen
Wo kann man als Kaufmann/-frau im Automobilbereich (m/w/d) arbeiten?;jo100000500230;53;0;Kassel, Hessen
Wo gibt es Arbeit als Kaufmann/-frau im Automobilbereich (m/w/d) ?;jo100000500231;53;0;Kassel, Hessen
Wer sucht nach einem Kaufmann/-frau im Automobilbereich (m/w/d) ?;jo100000500232;52;0;Auto-Schubert-Gießen GmbH
Welche Firma stellt Kaufmann/-frau im Automobilbereich (m/w/d) an?;jo100000500233;52;0;Auto-Schubert-Gießen GmbH
Wie heisst die Firma die einen Job als Kaufmann/-frau im Automobilbereich (m/w/d) anbietet?;jo100000500234;52;0;Auto-Schubert-Gießen GmbH
Nenne die Firma, die eine Stelle als Kaufmann/-frau im Automobilbereich (m/w/d) bewirbt.;jo100000500235;52;0;Auto-Schubert-Gießen GmbH
Was für einen Job bietet Auto-Schubert-Gießen GmbH an?;jo100000500236;51;0;Kaufmann/-frau im Automobilbereich (m/w/d)
Als was kann ich bei Auto-Schubert-Gießen GmbH arbeiten?;jo100000500237;51;0;Kaufmann/-frau im Automobilbereich (m/w/d)
Wonach sucht Auto-Schubert-Gießen GmbH?;jo100000500238;51;0;Kaufmann/-frau im Automobilbereich (m/w/d)
Wen stellt Auto-Schubert-Gießen GmbH ein?;jo100000500239;51;0;Kaufmann/-frau im Automobilbereich (m/w/d)
In welchem Ort ist der Job Maler (m/w/d)?;jo100000600240;8;0;Suhl
Wo ist der Job Maler (m/w/d)?;jo100000600241;8;0;Suhl
Wo kann man als Maler (m/w/d) arbeiten?;jo100000600242;8;0;Suhl
Wo gibt es Arbeit als Maler (m/w/d)?;jo100000600243;8;0;Suhl
Wer sucht nach einem Maler (m/w/d)?;jo100000600244;7;0;AlphaConsult Premium GmbH
Welche Firma stellt Maler (m/w/d) an?;jo100000600245;7;0;AlphaConsult Premium GmbH
Wie heisst die Firma die einen Job als Maler (m/w/d) anbietet?;jo100000600246;7;0;AlphaConsult Premium GmbH
Nenne die Firma, die eine Stelle als Maler (m/w/d) bewirbt.;jo100000600247;7;0;AlphaConsult Premium GmbH
Was für einen Job bietet AlphaConsult Premium GmbH an?;jo100000600248;6;0;Maler (m/w/d)
Als was kann ich bei AlphaConsult Premium GmbH arbeiten?;jo100000600249;6;0;Maler (m/w/d)
Wonach sucht AlphaConsult Premium GmbH?;jo100000600250;6;0;Maler (m/w/d)
Wen stellt AlphaConsult Premium GmbH ein?;jo100000600251;6;0;Maler (m/w/d)
In welchem Ort ist der Job Gabelstaplerfahrer/Kommissionierer m/w/d für HOCHREGAL in Lehre (3-Schicht-System)?;jo100000600252;23;0;Lehre
Wo ist der Job Gabelstaplerfahrer/Kommissionierer m/w/d für HOCHREGAL in Lehre (3-Schicht-System)?;jo100000600253;23;0;Lehre
Wo kann man als Gabelstaplerfahrer/Kommissionierer m/w/d für HOCHREGAL in Lehre (3-Schicht-System) arbeiten?;jo100000600254;23;0;Lehre
Wo gibt es Arbeit als Gabelstaplerfahrer/Kommissionierer m/w/d für HOCHREGAL in Lehre (3-Schicht-System)?;jo100000600255;23;0;Lehre
Wer sucht nach einem Gabelstaplerfahrer/Kommissionierer m/w/d für HOCHREGAL in Lehre (3-Schicht-System)?;jo100000600256;22;0;Personal Service PSH Wolfsburg GmbH
Welche Firma stellt Gabelstaplerfahrer/Kommissionierer m/w/d für HOCHREGAL in Lehre (3-Schicht-System) an?;jo100000600257;22;0;Personal Service PSH Wolfsburg GmbH
Wie heisst die Firma die einen Job als Gabelstaplerfahrer/Kommissionierer m/w/d für HOCHREGAL in Lehre (3-Schicht-System) anbietet?;jo100000600258;22;0;Personal Service PSH Wolfsburg GmbH
Nenne die Firma, die eine Stelle als Gabelstaplerfahrer/Kommissionierer m/w/d für HOCHREGAL in Lehre (3-Schicht-System) bewirbt.;jo100000600259;22;0;Personal Service PSH Wolfsburg GmbH
Was für einen Job bietet Personal Service PSH Wolfsburg GmbH an?;jo100000600260;21;0;Gabelstaplerfahrer/Kommissionierer m/w/d für HOCHREGAL in Lehre (3-Schicht-System)
Als was kann ich bei Personal Service PSH Wolfsburg GmbH arbeiten?;jo100000600261;21;0;Gabelstaplerfahrer/Kommissionierer m/w/d für HOCHREGAL in Lehre (3-Schicht-System)
Wonach sucht Personal Service PSH Wolfsburg GmbH?;jo100000600262;21;0;Gabelstaplerfahrer/Kommissionierer m/w/d für HOCHREGAL in Lehre (3-Schicht-System)
Wen stellt Personal Service PSH Wolfsburg GmbH ein?;jo100000600263;21;0;Gabelstaplerfahrer/Kommissionierer m/w/d für HOCHREGAL in Lehre (3-Schicht-System)
In welchem Ort ist der Job Staplerfahrer (m/w/d) ab 14 €?;jo100000600264;38;0;Zwiesel
Wo ist der Job Staplerfahrer (m/w/d) ab 14 €?;jo100000600265;38;0;Zwiesel
Wo kann man als Staplerfahrer (m/w/d) ab 14 € arbeiten?;jo100000600266;38;0;Zwiesel
Wo gibt es Arbeit als Staplerfahrer (m/w/d) ab 14 €?;jo100000600267;38;0;Zwiesel
Wer sucht nach einem Staplerfahrer (m/w/d) ab 14 €?;jo100000600268;37;0;Unique Personalservice GmbH NL Regen
Welche Firma stellt Staplerfahrer (m/w/d) ab 14 € an?;jo100000600269;37;0;Unique Personalservice GmbH NL Regen
Wie heisst die Firma die einen Job als Staplerfahrer (m/w/d) ab 14 € anbietet?;jo100000600270;37;0;Unique Personalservice GmbH NL Regen
Nenne die Firma, die eine Stelle als Staplerfahrer (m/w/d) ab 14 € bewirbt.;jo100000600271;37;0;Unique Personalservice GmbH NL Regen
Was für einen Job bietet Unique Personalservice GmbH NL Regen an?;jo100000600272;36;0;Staplerfahrer (m/w/d) ab 14 €
Als was kann ich bei Unique Personalservice GmbH NL Regen?;jo100000600273;36;0;Staplerfahrer (m/w/d) ab 14 €
Wonach sucht Unique Personalservice GmbH NL Regen?;jo100000600274;36;0;Staplerfahrer (m/w/d) ab 14 €
Wen stellt Unique Personalservice GmbH NL Regen ein?;jo100000600275;36;0;Staplerfahrer (m/w/d) ab 14 €
In welchem Ort ist der Job Restaurant-Mitarbeiter:in - VZ?;jo100000600276;53;0;Meißen, Sachsen
Wo ist der Job Restaurant-Mitarbeiter:in - VZ?;jo100000600277;53;0;Meißen, Sachsen
Wo kann man als Restaurant-Mitarbeiter:in - VZ arbeiten?;jo100000600278;53;0;Meißen, Sachsen
Wo gibt es Arbeit als Restaurant-Mitarbeiter:in - VZ?;jo100000600279;53;0;Meißen, Sachsen
Wer sucht nach einem Restaurant-Mitarbeiter:in - VZ?;jo100000600280;52;0;Willy Dany Restaurantbetriebs GmbH & Co. Service KG McDonald's Restaurant
Welche Firma stellt Restaurant-Mitarbeiter:in - VZ an?;jo100000600281;52;0;Willy Dany Restaurantbetriebs GmbH & Co. Service KG McDonald's Restaurant
Wie heisst die Firma die einen Job als Restaurant-Mitarbeiter:in - VZ anbietet?;jo100000600282;52;0;Willy Dany Restaurantbetriebs GmbH & Co. Service KG McDonald's Restaurant
Nenne die Firma, die eine Stelle als Restaurant-Mitarbeiter:in - VZ bewirbt.;jo100000600283;52;0;Willy Dany Restaurantbetriebs GmbH & Co. Service KG McDonald's Restaurant
Was für einen Job bietet Willy Dany Restaurantbetriebs GmbH & Co. Service KG McDonald's Restaurant an?;jo100000600284;51;0;Restaurant-Mitarbeiter:in - VZ
Als was kann ich bei Willy Dany Restaurantbetriebs GmbH & Co. Service KG McDonald's Restaurant arbeiten?;jo100000600285;51;0;Restaurant-Mitarbeiter:in - VZ
Wonach sucht Willy Dany Restaurantbetriebs GmbH & Co. Service KG McDonald's Restaurant?;jo100000600286;51;0;Restaurant-Mitarbeiter:in - VZ
Wen stellt Willy Dany Restaurantbetriebs GmbH & Co. Service KG McDonald's Restaurant ein?;jo100000600287;51;0;Restaurant-Mitarbeiter:in - VZ